{
  "seq_mean": [
    0.10089770704507828,
    13.327795028686523,
    0.0,
    0.212382972240448,
    0.06471630930900574,
    0.032801419496536255,
    0.030141843482851982,
    0.0,
    0.0,
    0.05055849626660347,
    0.39603644609451294
  ],
  "seq_std": [
    0.26882728934288025,
    446.4341125488281,
    0.35729479789733887,
    1.2100352048873901,
    0.24602414667606354,
    0.17811602354049683,
    0.1709761917591095,
    0.0,
    0.0,
    0.1696527749300003,
    1.2834745645523071
  ],
  "graph_mean": [
    15033.759765625,
    1.4299981594085693,
    1.0799970626831055,
    1.2000001668930054,
    0.42911046743392944,
    0.05398615449666977,
    0.008947085589170456,
    0.33367159962654114
  ],
  "graph_std": [
    45060.92578125,
    1.565279483795166,
    1.0293688774108887,
    1.2091326713562012,
    0.32996901869773865,
    0.10599450767040253,
    0.019827228039503098,
    0.3570656180381775
  ],
  "version": "2026-05-08T21:17:17.644240Z"
}